user_id,video_id,score,rank
5599,2980,0.3773694634437561,32
763,2744,0.3472808599472046,37
1566,2744,0.312608927488327,50
468,6326,0.28657305240631104,36
381,3333,0.33717888593673706,38
4391,7378,0.3774925470352173,12
4588,2744,0.32544028759002686,14
6745,2744,0.3586326837539673,48
2778,2744,0.38182955980300903,8
3154,3333,0.2957127094268799,41
6229,7378,0.3814866244792938,28
6239,3333,0.3089275062084198,5
5079,3333,0.40581008791923523,33
5079,3528,0.40581008791923523,46
