MAE,Baseline_MAE,NDCG@25,Precision@25,Recall@25
0.4077899871735082,0.486592663697769,0.9624326836844302,0.8783274273564848,0.033531191265188456
